-- Initial data for KDB Oversea Banking System

-- Insert sample customers
INSERT INTO CUSTOMERS (CUSTOMER_ID, NAME, EMAIL, PHONE, ADDRESS, NATIONALITY, PASSPORT_NUMBER, DATE_OF_BIRTH, STATUS, CREATED_BY, CREATED_DATETIME) VALUES
('CUST12345678', '홍길동', 'hong@example.com', '010-1234-5678', '서울시 강남구 테헤란로 123', 'KOREA', 'M12345678', '1980-01-15', 'ACTIVE', 'SYSTEM', '2024-01-01 00:00:00'),
('CUST87654321', '김철수', 'kim@example.com', '010-8765-4321', '부산시 해운대구 해운대로 456', 'KOREA', 'M87654321', '1985-05-20', 'ACTIVE', 'SYSTEM', '2024-01-01 00:00:00'),
('CUST11111111', 'John Smith', 'john@example.com', '+1-555-123-4567', '123 Main St, New York, NY', 'USA', 'US123456789', '1975-03-10', 'ACTIVE', 'SYSTEM', '2024-01-01 00:00:00'),
('CUST22222222', 'Maria Garcia', 'maria@example.com', '+34-91-123-4567', 'Calle Mayor 123, Madrid', 'SPAIN', 'ES12345678', '1982-07-25', 'ACTIVE', 'SYSTEM', '2024-01-01 00:00:00');

-- Insert sample cash cards
INSERT INTO CASH_CARDS (CARD_NUMBER, CUSTOMER_ID, CARD_TYPE, CARD_STATUS, DAILY_LIMIT, MONTHLY_LIMIT, CURRENCY, EXPIRY_DATE, PIN, CREATED_BY, CREATED_DATETIME) VALUES
('CC1234567890123456', 'CUST12345678', 'DEBIT', 'ACTIVE', 1000000, 10000000, 'KRW', '2027-12-31', '1234', 'SYSTEM', '2024-01-01 00:00:00'),
('CC2345678901234567', 'CUST87654321', 'CREDIT', 'ACTIVE', 2000000, 20000000, 'KRW', '2028-06-30', '5678', 'SYSTEM', '2024-01-01 00:00:00'),
('CC3456789012345678', 'CUST11111111', 'DEBIT', 'ACTIVE', 10000, 100000, 'USD', '2027-09-30', '9999', 'SYSTEM', '2024-01-01 00:00:00'),
('CC4567890123456789', 'CUST22222222', 'CREDIT', 'ACTIVE', 5000, 50000, 'EUR', '2028-03-31', '8888', 'SYSTEM', '2024-01-01 00:00:00');

-- Insert sample cash card transactions
INSERT INTO CASH_CARD_TRANSACTIONS (TRANSACTION_ID, CARD_NUMBER, TRANSACTION_TYPE, AMOUNT, CURRENCY, MERCHANT_NAME, MERCHANT_ID, TRANSACTION_DATE, STATUS, CREATED_BY, CREATED_DATETIME) VALUES
('TXN123456789ABC', 'CC1234567890123456', 'PURCHASE', 50000, 'KRW', '스타벅스 강남점', 'SB001', '2024-01-15 10:30:00', 'COMPLETED', 'SYSTEM', '2024-01-15 10:30:00'),
('TXN234567890BCD', 'CC1234567890123456', 'PURCHASE', 150000, 'KRW', '롯데마트 강남점', 'LM001', '2024-01-15 14:20:00', 'COMPLETED', 'SYSTEM', '2024-01-15 14:20:00'),
('TXN345678901CDE', 'CC2345678901234567', 'PURCHASE', 300000, 'KRW', '신세계백화점 강남점', 'SS001', '2024-01-16 11:15:00', 'COMPLETED', 'SYSTEM', '2024-01-16 11:15:00'),
('TXN456789012DEF', 'CC3456789012345678', 'PURCHASE', 50, 'USD', 'Starbucks Times Square', 'SB002', '2024-01-17 09:45:00', 'COMPLETED', 'SYSTEM', '2024-01-17 09:45:00'),
('TXN567890123EFG', 'CC4567890123456789', 'PURCHASE', 75, 'EUR', 'El Corte Ingles Madrid', 'EC001', '2024-01-18 16:30:00', 'COMPLETED', 'SYSTEM', '2024-01-18 16:30:00');

-- Insert sample deposit accounts
INSERT INTO DEPOSIT_ACCOUNTS (ACCOUNT_NUMBER, CUSTOMER_ID, ACCOUNT_TYPE, BALANCE, CURRENCY, INTEREST_RATE, STATUS, CREATED_BY, CREATED_DATETIME) VALUES
('ACC1234567890', 'CUST12345678', 'SAVINGS', 5000000, 'KRW', 2.5, 'ACTIVE', 'SYSTEM', '2024-01-01 00:00:00'),
('ACC2345678901', 'CUST87654321', 'CHECKING', 3000000, 'KRW', 0.5, 'ACTIVE', 'SYSTEM', '2024-01-01 00:00:00'),
('ACC3456789012', 'CUST11111111', 'SAVINGS', 10000, 'USD', 3.0, 'ACTIVE', 'SYSTEM', '2024-01-01 00:00:00'),
('ACC4567890123', 'CUST22222222', 'CHECKING', 5000, 'EUR', 1.5, 'ACTIVE', 'SYSTEM', '2024-01-01 00:00:00');

-- Insert sample deposit transactions
INSERT INTO DEPOSIT_TRANSACTIONS (TRANSACTION_ID, ACCOUNT_NUMBER, TRANSACTION_TYPE, AMOUNT, CURRENCY, DESCRIPTION, TRANSACTION_DATE, STATUS, CREATED_BY, CREATED_DATETIME) VALUES
('DTXN123456789ABC', 'ACC1234567890', 'DEPOSIT', 1000000, 'KRW', '월급 입금', '2024-01-15 09:00:00', 'COMPLETED', 'SYSTEM', '2024-01-15 09:00:00'),
('DTXN234567890BCD', 'ACC1234567890', 'WITHDRAWAL', 500000, 'KRW', 'ATM 출금', '2024-01-16 14:30:00', 'COMPLETED', 'SYSTEM', '2024-01-16 14:30:00'),
('DTXN345678901CDE', 'ACC2345678901', 'DEPOSIT', 500000, 'KRW', '이체 입금', '2024-01-17 10:15:00', 'COMPLETED', 'SYSTEM', '2024-01-17 10:15:00'),
('DTXN456789012DEF', 'ACC3456789012', 'DEPOSIT', 2000, 'USD', 'Salary deposit', '2024-01-18 08:00:00', 'COMPLETED', 'SYSTEM', '2024-01-18 08:00:00'),
('DTXN567890123EFG', 'ACC4567890123', 'WITHDRAWAL', 1000, 'EUR', 'ATM withdrawal', '2024-01-19 16:45:00', 'COMPLETED', 'SYSTEM', '2024-01-19 16:45:00'); 